{
  "feature_keys": [
    "cpu",
    "ram",
    "gpu",
    "gpu_temp",
    "disk_read",
    "disk_write",
    "net_upload",
    "net_download"
  ],
  "feature_mean": [
    4.18607234954834,
    70.03392791748047,
    0.0,
    55.82808303833008,
    6.606506824493408,
    2.1154775619506836,
    0.002297560451552272,
    0.002542489906772971
  ],
  "feature_std": [
    2.3184144496917725,
    1.3361502885818481,
    9.999999974752427e-07,
    1.3102684020996094,
    21.802692413330078,
    14.833235740661621,
    0.009065898135304451,
    0.0084475576877594
  ],
  "error_mean": 0.4522729218006134,
  "error_std": 2.537384271621704,
  "warn_threshold": 5.527041465044022,
  "critical_threshold": 10.60181000828743,
  "num_samples": 1795
}